{
    "name": "default_test",
    "description": "Default maze layout template - 10x10 grid",
    "algorithm": [
        10,
        10
    ],
    "MazeSize": [
        5,
        5
    ],
    "NumOfEpisodes": [
        0,
        0
    ],
    "stepsPerEpisode": [],
    "rewardForFinish": 50,
    "rewardForValidMove": 100,
    "firstFind": 1,
    "numOfReturns": 67,
    "FindOriginEpisodes": [
        1,
        2,
        4,
        6,
        7,
        8,
        9,
        11,
        12,
        14,
        15,
        16,
        17,
        19,
        20,
        21,
        22,
        23,
        24,
        25,
        28,
        29,
        30,
        32,
        34,
        35,
        37,
        38,
        40,
        41,
        42,
        43,
        44,
        49,
        50,
        51,
        52,
        53,
        54,
        55,
        58,
        59,
        61,
        64,
        65,
        66,
        67,
        68,
        69,
        70,
        72,
        73,
        74,
        78,
        80,
        82,
        83,
        84,
        86,
        87,
        88,
        90,
        91,
        92,
        94,
        96,
        97
    ],
    "FindNotFindPercentage": [
        67.67676767676768,
        32.323232323232325
    ],
    "HEATMAP": [
        [
            0,
            0,
            0,
            1232,
            1514
        ],
        [
            0,
            0,
            0,
            933,
            744
        ],
        [
            0,
            0,
            0,
            921,
            296
        ],
        [
            0,
            0,
            219,
            513,
            168
        ],
        [
            0,
            0,
            119,
            115,
            56
        ]
    ],
    "OptimalPath": [
        "Left",
        "Down",
        "Down",
        "Down",
        "Left",
        "Left",
        "Center"
    ],
    "FinalPath": [],
    "OptimalPath_numOfSteps": 7,
    "FinalPath_numOfSteps": -1,
    "QTable": {},
    "Q_table": [
        [
            [
                0.0,
                0.0,
                0.0,
                0.0
            ],
            [
                0.0,
                0.0,
                0.0,
                0.0
            ],
            [
                0.0,
                0.0,
                0.0,
                0.0
            ],
            [
                0.0,
                90724.17341312481,
                0.0,
                90409.25337267245
            ],
            [
                90760.81917642055,
                0.0,
                0.0,
                90332.05877230362
            ]
        ],
        [
            [
                0.0,
                0.0,
                0.0,
                0.0
            ],
            [
                0.0,
                0.0,
                0.0,
                0.0
            ],
            [
                0.0,
                0.0,
                0.0,
                0.0
            ],
            [
                0.0,
                0.0,
                90437.61713709135,
                90105.99659965464
            ],
            [
                0.0,
                0.0,
                90581.56996728753,
                0.0
            ]
        ],
        [
            [
                0.0,
                0.0,
                0.0,
                0.0
            ],
            [
                0.0,
                0.0,
                0.0,
                0.0
            ],
            [
                0.0,
                0.0,
                0.0,
                0.0
            ],
            [
                0.0,
                89115.48790764669,
                90188.06013609702,
                87806.25241808835
            ],
            [
                89399.79538487516,
                0.0,
                0.0,
                0.0
            ]
        ],
        [
            [
                0.0,
                0.0,
                0.0,
                0.0
            ],
            [
                0.0,
                0.0,
                0.0,
                0.0
            ],
            [
                50.0,
                86395.71870379921,
                0.0,
                83987.34231300557
            ],
            [
                86253.93269763645,
                87253.11386339122,
                87846.13393046736,
                0.0
            ],
            [
                87428.27431852208,
                0.0,
                0.0,
                0.0
            ]
        ],
        [
            [
                0.0,
                0.0,
                0.0,
                0.0
            ],
            [
                0.0,
                0.0,
                0.0,
                0.0
            ],
            [
                0.0,
                83382.05406047011,
                85118.62541610612,
                0.0
            ],
            [
                83799.85807682907,
                82209.29397107734,
                0.0,
                0.0
            ],
            [
                82935.16371348557,
                0.0,
                0.0,
                0.0
            ]
        ]
    ],
    "gamma": 1.0,
    "EPS0": 0.9,
    "EPS_MIN": 0.05,
    "EPS_DECAY": 0.9995,
    "ALPHA0": 0.72,
    "ALPHA_MIN": 0.1,
    "ALPHA_DECAY": 0.997
}